{
  "geometry": {
    "shapes": [
      {
        "shapes": [
          {
            "shapes": [
              {
                "triangles": [
                  0,
                  15,
                  14,
                  0,
                  14,
                  13,
                  0,
                  13,
                  12,
                  0,
                  12,
                  11,
                  0,
                  11,
                  10,
                  10,
                  9,
                  8,
                  10,
                  8,
                  7,
                  10,
                  7,
                  6,
                  10,
                  6,
                  5,
                  10,
                  5,
                  4,
                  0,
                  10,
                  4,
                  0,
                  4,
                  3,
                  3,
                  2,
                  1,
                  3,
                  1,
                  0
                ],
                "color": [
                  0.47058823704719543,
                  0.40392157435417175,
                  0.12941177189350128,
                  1
                ],
                "vertices": [
                  -222.2859649658203,
                  -105.44523620605469,
                  -125.69015502929688,
                  -38.20697021484375,
                  -66.02801513671875,
                  1.5678253173828125,
                  7.839378356933594,
                  62.17701721191406,
                  55.190269470214844,
                  101.95179748535156,
                  150.83908081054688,
                  159.71986389160156,
                  247.43496704101562,
                  178.6602325439453,
                  398.957763671875,
                  201.38868713378906,
                  401.79876708984375,
                  234.53431701660156,
                  398.957763671875,
                  259.15673828125,
                  145.15701293945312,
                  196.6535186767578,
                  37.19695281982422,
                  127.52119445800781,
                  -46.14063262939453,
                  57.44190979003906,
                  -120.95504760742188,
                  -1.2732391357421875,
                  -308.46466064453125,
                  -127.22663879394531,
                  -305.6236572265625,
                  -164.1603240966797
                ],
                "type": "polygon"
              },
              {
                "triangles": [
                  5,
                  0,
                  1,
                  5,
                  1,
                  2,
                  5,
                  2,
                  3,
                  3,
                  4,
                  5
                ],
                "color": [
                  0.22745098173618317,
                  0.16862745583057404,
                  0.12156862765550613,
                  1
                ],
                "vertices": [
                  -78.81275939941406,
                  28.557861328125,
                  -80.11488342285156,
                  32.81939697265625,
                  -80.35163879394531,
                  35.77880859375,
                  -78.10249328613281,
                  34.9501953125,
                  -73.60414123535156,
                  30.92535400390625,
                  -77.27381896972656,
                  27.9659423828125
                ],
                "type": "polygon"
              },
              {
                "triangles": [
                  0,
                  5,
                  4,
                  0,
                  4,
                  3,
                  0,
                  3,
                  2,
                  2,
                  1,
                  0
                ],
                "color": [
                  0.35686275362968445,
                  0.1921568661928177,
                  0.11764705926179886,
                  1
                ],
                "vertices": [
                  -78.81275939941406,
                  28.557861328125,
                  -69.34259033203125,
                  16.72015380859375,
                  -49.455204010009766,
                  7.960205078125,
                  -53.953556060791016,
                  16.0098876953125,
                  -64.84426879882812,
                  23.34930419921875,
                  -74.07768249511719,
                  32.10919189453125
                ],
                "type": "polygon"
              },
              {
                "triangles": [
                  7,
                  0,
                  1,
                  7,
                  1,
                  2,
                  2,
                  3,
                  4,
                  2,
                  4,
                  5,
                  2,
                  5,
                  6,
                  2,
                  6,
                  7
                ],
                "color": [
                  0.06666667014360428,
                  0.06666667014360428,
                  0.06666667014360428,
                  1
                ],
                "vertices": [
                  -66.61990356445312,
                  51.4046630859375,
                  -66.14639282226562,
                  55.78462219238281,
                  -64.37075805664062,
                  59.69105529785156,
                  -61.766448974609375,
                  61.46675109863281,
                  -58.09674072265625,
                  60.99317932128906,
                  -61.529693603515625,
                  58.98078918457031,
                  -63.068572998046875,
                  55.07429504394531,
                  -63.542083740234375,
                  50.10247802734375
                ],
                "type": "polygon"
              },
              {
                "triangles": [
                  11,
                  0,
                  1,
                  11,
                  1,
                  2,
                  11,
                  2,
                  3,
                  11,
                  3,
                  4,
                  4,
                  5,
                  6,
                  4,
                  6,
                  7,
                  4,
                  7,
                  8,
                  4,
                  8,
                  9,
                  4,
                  9,
                  10,
                  4,
                  10,
                  11
                ],
                "color": [
                  0.3764705955982208,
                  0.21960784494876862,
                  0.20392157137393951,
                  1
                ],
                "vertices": [
                  -23.885719299316406,
                  -13.584457397460938,
                  -48.50818634033203,
                  5.3559112548828125,
                  -52.05948257446289,
                  9.85418701171875,
                  -58.451873779296875,
                  16.24658203125,
                  -67.685302734375,
                  34.9501953125,
                  -67.44854736328125,
                  50.3392333984375,
                  -66.73828125,
                  53.18023681640625,
                  -62.23992919921875,
                  51.759765625,
                  -62.71343994140625,
                  47.26141357421875,
                  -61.766448974609375,
                  38.0279541015625,
                  -53.006534576416016,
                  22.16546630859375,
                  -21.28144073486328,
                  -8.375900268554688
                ],
                "type": "polygon"
              },
              {
                "triangles": [
                  6,
                  0,
                  1,
                  6,
                  1,
                  2,
                  2,
                  3,
                  4,
                  2,
                  4,
                  5,
                  2,
                  5,
                  6
                ],
                "color": [
                  0.07450980693101883,
                  0.03529411926865578,
                  0.01568627543747425,
                  1
                ],
                "vertices": [
                  -57.031341552734375,
                  41.69769287109375,
                  -57.504852294921875,
                  46.55120849609375,
                  -56.0843505859375,
                  49.15545654296875,
                  -52.533023834228516,
                  50.812744140625,
                  -54.427066802978516,
                  47.853271484375,
                  -53.83517837524414,
                  43.47332763671875,
                  -53.12491226196289,
                  40.86907958984375
                ],
                "type": "polygon"
              },
              {
                "triangles": [
                  0,
                  11,
                  10,
                  0,
                  10,
                  9,
                  0,
                  9,
                  8,
                  8,
                  7,
                  6,
                  0,
                  8,
                  6,
                  0,
                  6,
                  5,
                  0,
                  5,
                  4,
                  4,
                  3,
                  2,
                  4,
                  2,
                  1,
                  4,
                  1,
                  0
                ],
                "color": [
                  0.3450980484485626,
                  0.15294118225574493,
                  0.13333334028720856,
                  1
                ],
                "vertices": [
                  -38.32776641845703,
                  5.8294219970703125,
                  -37.38074493408203,
                  15.7730712890625,
                  -30.751625061035156,
                  23.58599853515625,
                  -32.40888214111328,
                  29.0313720703125,
                  -39.74829864501953,
                  22.16546630859375,
                  -49.455204010009766,
                  31.8724365234375,
                  -52.76980972290039,
                  38.73828125,
                  -52.059513092041016,
                  42.0528564453125,
                  -57.268096923828125,
                  42.9998779296875,
                  -58.21514892578125,
                  39.4486083984375,
                  -52.296268463134766,
                  27.1373291015625,
                  -47.324440002441406,
                  15.0628662109375
                ],
                "type": "polygon"
              },
              {
                "triangles": [
                  3,
                  0,
                  1,
                  1,
                  2,
                  3
                ],
                "color": [
                  0.25882354378700256,
                  0.18039216101169586,
                  0.16470588743686676,
                  1
                ],
                "vertices": [
                  -9.897407531738281,
                  88.23652648925781,
                  -13.245613098144531,
                  94.76557922363281,
                  -5.042518615722656,
                  90.74769592285156,
                  -7.386268615722656,
                  87.73439025878906
                ],
                "type": "polygon"
              },
              {
                "triangles": [
                  6,
                  0,
                  1,
                  6,
                  1,
                  2,
                  6,
                  2,
                  3,
                  3,
                  4,
                  5,
                  3,
                  5,
                  6
                ],
                "color": [
                  0.3686274588108063,
                  0.15294118225574493,
                  0.10980392247438431,
                  1
                ],
                "vertices": [
                  17.223106384277344,
                  67.81245422363281,
                  9.522209167480469,
                  74.17408752441406,
                  0.9842758178710938,
                  78.19197082519531,
                  -9.897438049316406,
                  88.23658752441406,
                  -6.549232482910156,
                  91.75221252441406,
                  3.3279953002929688,
                  84.72096252441406,
                  14.544517517089844,
                  77.85713195800781
                ],
                "type": "polygon"
              },
              {
                "triangles": [
                  5,
                  0,
                  1,
                  5,
                  1,
                  2,
                  2,
                  3,
                  4,
                  2,
                  4,
                  5
                ],
                "color": [
                  0.3019607961177826,
                  0.25882354378700256,
                  0.24705882370471954,
                  1
                ],
                "vertices": [
                  16.386070251464844,
                  110.16737365722656,
                  16.218467712402344,
                  114.68745422363281,
                  19.06444549560547,
                  118.37043762207031,
                  24.08678436279297,
                  118.37043762207031,
                  20.90599822998047,
                  115.52442932128906,
                  19.399253845214844,
                  108.99537658691406
                ],
                "type": "polygon"
              },
              {
                "triangles": [
                  0,
                  4,
                  3,
                  3,
                  2,
                  1,
                  3,
                  1,
                  0
                ],
                "color": [
                  0.27843138575553894,
                  0.14901961386203766,
                  0.10980392247438431,
                  1
                ],
                "vertices": [
                  25.593650817871094,
                  68.48207092285156,
                  27.43517303466797,
                  71.16065979003906,
                  31.453025817871094,
                  73.50434875488281,
                  28.104820251464844,
                  79.19636535644531,
                  23.58470916748047,
                  74.50880432128906
                ],
                "type": "polygon"
              },
              {
                "triangles": [
                  14,
                  0,
                  1,
                  14,
                  1,
                  2,
                  2,
                  3,
                  4,
                  2,
                  4,
                  5,
                  2,
                  5,
                  6,
                  2,
                  6,
                  7,
                  14,
                  2,
                  7,
                  14,
                  7,
                  8,
                  14,
                  8,
                  9,
                  9,
                  10,
                  11,
                  9,
                  11,
                  12,
                  9,
                  12,
                  13,
                  9,
                  13,
                  14
                ],
                "color": [
                  0.4745098054409027,
                  0.30588236451148987,
                  0.250980406999588,
                  1
                ],
                "vertices": [
                  21.575767517089844,
                  61.45082092285156,
                  15.046775817871094,
                  69.31910705566406,
                  7.680686950683594,
                  86.39503479003906,
                  0.8168563842773438,
                  104.30799865722656,
                  2.1561508178710938,
                  108.82807922363281,
                  7.178459167480469,
                  105.47981262207031,
                  13.540061950683594,
                  88.57136535644531,
                  17.22307586669922,
                  80.03340148925781,
                  17.22307586669922,
                  97.44410705566406,
                  14.209709167480469,
                  110.16737365722656,
                  16.553428649902344,
                  113.18067932128906,
                  19.90166473388672,
                  110.83699035644531,
                  21.743186950683594,
                  96.43965148925781,
                  24.75658416748047,
                  74.84364318847656,
                  27.48998260498047,
                  65.25471496582031
                ],
                "type": "polygon"
              }
            ],
            "origin": [
              -351.08050537109375,
              -539.4047241210938
            ],
            "id": "branche"
          },
          {
            "triangles": [
              0,
              1,
              2,
              2,
              3,
              4,
              0,
              2,
              4,
              6,
              0,
              4,
              4,
              5,
              6
            ],
            "color": [
              0.41960784792900085,
              0.21960784494876862,
              0.16470588743686676,
              1
            ],
            "vertices": [
              49.50817108154297,
              6.5396881103515625,
              20.860862731933594,
              62.65052795410156,
              24.175437927246094,
              67.38557434082031,
              27.48998260498047,
              65.25477600097656,
              28.200218200683594,
              60.28291320800781,
              59.68859100341797,
              2.9883575439453125,
              52.112449645996094,
              0.1473541259765625
            ],
            "type": "polygon"
          }
        ],
        "origin": [
          -351.08050537109375,
          -539.4047241210938
        ],
        "id": "g1169"
      },
      {
        "shapes": [
          {
            "shapes": [
              {
                "triangles": [
                  4,
                  0,
                  1,
                  4,
                  1,
                  2,
                  2,
                  3,
                  4
                ],
                "color": [
                  0.6235294342041016,
                  0.5843137502670288,
                  0.5843137502670288,
                  1
                ],
                "vertices": [
                  98.11127471923828,
                  -80.97854614257812,
                  106.9552993774414,
                  -52.221038818359375,
                  132.40167236328125,
                  -55.23443603515625,
                  156.50885009765625,
                  -62.60052490234375,
                  168.56243896484375,
                  -71.97549438476562
                ],
                "type": "polygon"
              },
              {
                "triangles": [
                  0,
                  6,
                  5,
                  0,
                  5,
                  4,
                  0,
                  4,
                  3,
                  0,
                  3,
                  2,
                  2,
                  1,
                  0
                ],
                "color": [
                  0.4117647111415863,
                  0.35686275362968445,
                  0.3137255012989044,
                  1
                ],
                "vertices": [
                  82.17850494384766,
                  -103.11387634277344,
                  162.87042236328125,
                  -85.36831665039062,
                  228.83029174804688,
                  -63.604949951171875,
                  238.20523071289062,
                  -56.573699951171875,
                  198.02667236328125,
                  -64.27456665039062,
                  150.14718627929688,
                  -73.64956665039062,
                  96.91059112548828,
                  -80.01119995117188
                ],
                "type": "polygon"
              }
            ],
            "origin": [
              105.00318145751953,
              -81.4869384765625
            ],
            "id": "queue"
          },
          {
            "shapes": [
              {
                "triangles": [
                  17,
                  0,
                  1,
                  2,
                  3,
                  4,
                  4,
                  5,
                  6,
                  2,
                  4,
                  6,
                  2,
                  6,
                  7,
                  2,
                  7,
                  8,
                  1,
                  2,
                  8,
                  1,
                  8,
                  9,
                  17,
                  1,
                  9,
                  17,
                  9,
                  10,
                  17,
                  10,
                  11,
                  17,
                  11,
                  12,
                  17,
                  12,
                  13,
                  17,
                  13,
                  14,
                  17,
                  14,
                  15,
                  15,
                  16,
                  17
                ],
                "color": [
                  0.8705882430076599,
                  0.47843137383461,
                  0.007843137718737125,
                  1
                ],
                "vertices": [
                  -97.13148498535156,
                  -45.979400634765625,
                  -92.07044982910156,
                  -55.253692626953125,
                  -82.12782287597656,
                  -58.093658447265625,
                  -71.23670959472656,
                  -44.836822509765625,
                  -57.031402587890625,
                  -50.044342041015625,
                  -43.772743225097656,
                  -43.415924072265625,
                  -27.674110412597656,
                  -52.411895751953125,
                  -18.203895568847656,
                  -58.567901611328125,
                  -26.727455139160156,
                  -93.60696411132812,
                  -32.881629943847656,
                  -115.86158752441406,
                  -31.934974670410156,
                  -129.59449768066406,
                  -47.561195373535156,
                  -130.06690979003906,
                  -52.50320816040039,
                  -136.24305725097656,
                  -79.28602600097656,
                  -125.33180236816406,
                  -118.311279296875,
                  -116.57936096191406,
                  -117.64111328125,
                  -104.97230529785156,
                  -112.43177795410156,
                  -81.29678344726562,
                  -99.64735412597656,
                  -48.623443603515625
                ],
                "type": "polygon"
              },
              {
                "triangles": [
                  33,
                  0,
                  1,
                  33,
                  1,
                  2,
                  3,
                  4,
                  5,
                  2,
                  3,
                  5,
                  2,
                  5,
                  6,
                  33,
                  2,
                  6,
                  33,
                  6,
                  7,
                  33,
                  7,
                  8,
                  33,
                  8,
                  9,
                  11,
                  12,
                  13,
                  13,
                  14,
                  15,
                  13,
                  15,
                  16,
                  11,
                  13,
                  16,
                  11,
                  16,
                  17,
                  10,
                  11,
                  17,
                  9,
                  10,
                  17,
                  9,
                  17,
                  18,
                  9,
                  18,
                  19,
                  33,
                  9,
                  19,
                  33,
                  19,
                  20,
                  33,
                  20,
                  21,
                  33,
                  21,
                  22,
                  33,
                  22,
                  23,
                  33,
                  23,
                  24,
                  33,
                  24,
                  25,
                  33,
                  25,
                  26,
                  33,
                  26,
                  27,
                  33,
                  27,
                  28,
                  33,
                  28,
                  29,
                  33,
                  29,
                  30,
                  33,
                  30,
                  31,
                  31,
                  32,
                  33
                ],
                "color": [
                  0.43529412150382996,
                  0.364705890417099,
                  0.2549019753932953,
                  1
                ],
                "vertices": [
                  -13.095252990722656,
                  -204.33815002441406,
                  -18.203895568847656,
                  -176.94557189941406,
                  -25.306556701660156,
                  -156.11000061035156,
                  -40.932777404785156,
                  -140.95802307128906,
                  -52.50320816040039,
                  -136.24305725097656,
                  -47.561195373535156,
                  -130.06690979003906,
                  -31.934974670410156,
                  -129.59449768066406,
                  -32.881629943847656,
                  -115.86158752441406,
                  -26.727455139160156,
                  -93.60696411132812,
                  -18.203895568847656,
                  -58.567901611328125,
                  -27.674110412597656,
                  -52.411895751953125,
                  -43.772743225097656,
                  -43.415924072265625,
                  -57.031402587890625,
                  -50.044342041015625,
                  -71.23670959472656,
                  -44.836822509765625,
                  -82.12782287597656,
                  -58.093658447265625,
                  -92.07044982910156,
                  -55.253692626953125,
                  -97.13148498535156,
                  -45.979400634765625,
                  -71.71095275878906,
                  -19.266159057617188,
                  -39.037635803222656,
                  0.1466827392578125,
                  -3.0519180297851562,
                  14.82623291015625,
                  21.097862243652344,
                  18.61468505859375,
                  37.670738220214844,
                  17.19378662109375,
                  65.13472747802734,
                  5.8284454345703125,
                  92.1244888305664,
                  -13.584396362304688,
                  110.5906753540039,
                  -32.050567626953125,
                  115.3257827758789,
                  -59.514556884765625,
                  112.0115737915039,
                  -89.34609985351562,
                  99.2271499633789,
                  -133.38294982910156,
                  94.4920425415039,
                  -145.69313049316406,
                  86.4427261352539,
                  -157.05848693847656,
                  67.02803802490234,
                  -172.21046447753906,
                  33.408042907714844,
                  -188.78334045410156,
                  12.574302673339844,
                  -196.35841369628906,
                  -3.5243301391601562,
                  -201.56776428222656
                ],
                "type": "polygon"
              }
            ],
            "origin": [
              -351.08050537109375,
              -539.4047241210938
            ],
            "id": "corps"
          },
          {
            "shapes": [
              {
                "triangles": [
                  17,
                  0,
                  1,
                  17,
                  1,
                  2,
                  17,
                  2,
                  3,
                  17,
                  3,
                  4,
                  17,
                  4,
                  5,
                  17,
                  5,
                  6,
                  17,
                  6,
                  7,
                  17,
                  7,
                  8,
                  17,
                  8,
                  9,
                  17,
                  9,
                  10,
                  17,
                  10,
                  11,
                  17,
                  11,
                  12,
                  17,
                  12,
                  13,
                  17,
                  13,
                  14,
                  17,
                  14,
                  15,
                  15,
                  16,
                  17
                ],
                "color": [
                  0.8705882430076599,
                  0.47843137383461,
                  0.007843137718737125,
                  1
                ],
                "vertices": [
                  -46.358192443847656,
                  -127.14088439941406,
                  -48.066566467285156,
                  -135.92628479003906,
                  -36.347816467285156,
                  -148.65028381347656,
                  -41.035316467285156,
                  -153.67103576660156,
                  -54.09439468383789,
                  -147.98011779785156,
                  -58.781890869140625,
                  -151.32728576660156,
                  -60.455474853515625,
                  -160.70228576660156,
                  -62.799224853515625,
                  -168.06861877441406,
                  -75.85646057128906,
                  -171.08253479003906,
                  -85.56654357910156,
                  -178.11378479003906,
                  -102.64295959472656,
                  -181.12770080566406,
                  -120.3876953125,
                  -173.76136779785156,
                  -129.2115478515625,
                  -177.74574279785156,
                  -135.16064453125,
                  -165.10780334472656,
                  -134.2139892578125,
                  -153.74244689941406,
                  -119.1480712890625,
                  -123.82850646972656,
                  -117.8077392578125,
                  -107.20436096191406,
                  -75.10023498535156,
                  -116.45851135253906
                ],
                "type": "polygon"
              },
              {
                "triangles": [
                  0,
                  8,
                  7,
                  0,
                  7,
                  6,
                  0,
                  6,
                  5,
                  0,
                  5,
                  4,
                  0,
                  4,
                  3,
                  0,
                  3,
                  2,
                  2,
                  1,
                  0
                ],
                "color": [
                  0.24705882370471954,
                  0.1921568661928177,
                  0.1568627506494522,
                  1
                ],
                "vertices": [
                  -165.93841552734375,
                  -150.4285430908203,
                  -161.2033233642578,
                  -155.63719177246094,
                  -146.5245361328125,
                  -159.8987579345703,
                  -134.6868133544922,
                  -161.3192901611328,
                  -130.4252471923828,
                  -160.8457794189453,
                  -128.0576934814453,
                  -156.11070251464844,
                  -116.21998596191406,
                  -153.74317932128906,
                  -127.58419799804688,
                  -149.00807189941406,
                  -155.99473571777344,
                  -148.5345916748047
                ],
                "type": "polygon"
              },
              {
                "triangles": [
                  23,
                  0,
                  1,
                  23,
                  1,
                  2,
                  23,
                  2,
                  3,
                  23,
                  3,
                  4,
                  23,
                  4,
                  5,
                  23,
                  5,
                  6,
                  23,
                  6,
                  7,
                  23,
                  7,
                  8,
                  23,
                  8,
                  9,
                  23,
                  9,
                  10,
                  23,
                  10,
                  11,
                  23,
                  11,
                  12,
                  23,
                  12,
                  13,
                  23,
                  13,
                  14,
                  23,
                  14,
                  15,
                  15,
                  16,
                  17,
                  15,
                  17,
                  18,
                  23,
                  15,
                  18,
                  23,
                  18,
                  19,
                  23,
                  19,
                  20,
                  20,
                  21,
                  22,
                  20,
                  22,
                  23
                ],
                "color": [
                  0.4156862795352936,
                  0.3490196168422699,
                  0.26274511218070984,
                  1
                ],
                "vertices": [
                  -46.140296936035156,
                  -214.35218811035156,
                  -70.76246643066406,
                  -213.40553283691406,
                  -100.12159729003906,
                  -206.30287170410156,
                  -117.1668701171875,
                  -193.04420471191406,
                  -127.583740234375,
                  -181.20643615722656,
                  -129.21153259277344,
                  -177.74574279785156,
                  -120.38768005371094,
                  -173.76136779785156,
                  -102.64295959472656,
                  -181.12770080566406,
                  -85.56654357910156,
                  -178.11378479003906,
                  -75.85646057128906,
                  -171.08253479003906,
                  -62.799224853515625,
                  -168.06861877441406,
                  -60.455474853515625,
                  -160.70228576660156,
                  -58.781890869140625,
                  -151.32728576660156,
                  -54.09439468383789,
                  -147.98011779785156,
                  -41.035316467285156,
                  -153.67103576660156,
                  -36.347816467285156,
                  -148.65028381347656,
                  -48.066566467285156,
                  -135.92628479003906,
                  -46.358192443847656,
                  -127.14088439941406,
                  -34.403236389160156,
                  -131.58302307128906,
                  -18.275306701660156,
                  -149.24537658691406,
                  -10.167396545410156,
                  -172.25807189941406,
                  -5.058753967285156,
                  -201.99440002441406,
                  -21.518104553222656,
                  -206.77528381347656,
                  -35.249183654785156,
                  -211.03797912597656
                ],
                "type": "polygon"
              },
              {
                "triangles": [
                  0,
                  5,
                  4,
                  0,
                  4,
                  3,
                  3,
                  2,
                  1,
                  3,
                  1,
                  0
                ],
                "color": [
                  0,
                  0,
                  0,
                  1
                ],
                "vertices": [
                  -139.77703857421875,
                  -158.35984802246094,
                  -135.1603240966797,
                  -157.88633728027344,
                  -131.13551330566406,
                  -159.0701446533203,
                  -131.01712036132812,
                  -156.70262145996094,
                  -135.3970947265625,
                  -155.16368103027344,
                  -140.60568237304688,
                  -156.93934631347656
                ],
                "type": "polygon"
              },
              {
                "triangles": [
                  0,
                  8,
                  7,
                  0,
                  7,
                  6,
                  0,
                  6,
                  5,
                  0,
                  5,
                  4,
                  0,
                  4,
                  3,
                  0,
                  3,
                  2,
                  2,
                  1,
                  0
                ],
                "color": [
                  0,
                  0,
                  0,
                  1
                ],
                "vertices": [
                  -99.88392639160156,
                  -165.9359588623047,
                  -92.89964294433594,
                  -169.96083068847656,
                  -86.86241149902344,
                  -170.90785217285156,
                  -82.83757019042969,
                  -168.18516540527344,
                  -84.13972473144531,
                  -162.14793395996094,
                  -86.50727844238281,
                  -157.6495819091797,
                  -91.12397766113281,
                  -154.92689514160156,
                  -96.21421813964844,
                  -155.0452423095703,
                  -100.23905944824219,
                  -159.1884307861328
                ],
                "type": "polygon"
              },
              {
                "triangles": [
                  0,
                  5,
                  4,
                  0,
                  4,
                  3,
                  0,
                  3,
                  2,
                  2,
                  1,
                  0
                ],
                "color": [
                  0.7019608020782471,
                  0.7019608020782471,
                  0.7019608020782471,
                  1
                ],
                "vertices": [
                  -95.50395202636719,
                  -165.8175811767578,
                  -92.30778503417969,
                  -167.94837951660156,
                  -90.76887512207031,
                  -167.3565216064453,
                  -91.36076354980469,
                  -165.69923400878906,
                  -94.79371643066406,
                  -163.33164978027344,
                  -96.45100402832031,
                  -164.16029357910156
                ],
                "type": "polygon"
              }
            ],
            "origin": [
              -48.36438751220703,
              -148.5464324951172
            ],
            "id": "tete"
          },
          {
            "shapes": [
              {
                "triangles": [
                  15,
                  0,
                  1,
                  15,
                  1,
                  2,
                  15,
                  2,
                  3,
                  3,
                  4,
                  5,
                  15,
                  3,
                  5,
                  15,
                  5,
                  6,
                  15,
                  6,
                  7,
                  15,
                  7,
                  8,
                  8,
                  9,
                  10,
                  8,
                  10,
                  11,
                  15,
                  8,
                  11,
                  15,
                  11,
                  12,
                  15,
                  12,
                  13,
                  13,
                  14,
                  15
                ],
                "color": [
                  0.5607843399047852,
                  0.5411764979362488,
                  0.5137255191802979,
                  1
                ],
                "vertices": [
                  19.453575134277344,
                  -85.29031372070312,
                  22.280723571777344,
                  -90.05654907226562,
                  21.097862243652344,
                  -100.47341918945312,
                  11.627647399902344,
                  -111.12648010253906,
                  10.917198181152344,
                  -117.75672912597656,
                  4.524986267089844,
                  -121.78138732910156,
                  -12.284095764160156,
                  -129.35829162597656,
                  -21.992347717285156,
                  -135.51246643066406,
                  -29.567420959472656,
                  -140.24757385253906,
                  -30.202796936035156,
                  -147.84828186035156,
                  -33.355873107910156,
                  -145.22071838378906,
                  -38.090980529785156,
                  -122.49183654785156,
                  -31.934974670410156,
                  -104.02381896972656,
                  -19.150550842285156,
                  -86.03189086914062,
                  2.1574325561523438,
                  -81.05874633789062,
                  17.783653259277344,
                  -85.32144165039062
                ],
                "type": "polygon"
              },
              {
                "triangles": [
                  6,
                  0,
                  1,
                  6,
                  1,
                  2,
                  6,
                  2,
                  3,
                  6,
                  3,
                  4,
                  4,
                  5,
                  6
                ],
                "color": [
                  0.35686275362968445,
                  0.27450981736183167,
                  0.23137255012989044,
                  1
                ],
                "vertices": [
                  71.75948333740234,
                  -143.96827697753906,
                  74.6049575805664,
                  -128.64784240722656,
                  97.8062515258789,
                  -119.41383361816406,
                  118.0375747680664,
                  -115.04493713378906,
                  116.7466812133789,
                  -116.33583068847656,
                  106.3298110961914,
                  -126.28028869628906,
                  94.4920425415039,
                  -131.48780822753906
                ],
                "type": "polygon"
              },
              {
                "triangles": [
                  6,
                  0,
                  1,
                  6,
                  1,
                  2,
                  6,
                  2,
                  3,
                  6,
                  3,
                  4,
                  4,
                  5,
                  6
                ],
                "color": [
                  0.37254902720451355,
                  0.3294117748737335,
                  0.3137255012989044,
                  1
                ],
                "vertices": [
                  74.6049575805664,
                  -128.64784240722656,
                  69.15938568115234,
                  -125.56983947753906,
                  68.92134857177734,
                  -120.83473205566406,
                  113.1944351196289,
                  -111.36451721191406,
                  125.4844741821289,
                  -107.59803771972656,
                  118.0375747680664,
                  -115.04493713378906,
                  97.8062515258789,
                  -119.41383361816406
                ],
                "type": "polygon"
              },
              {
                "triangles": [
                  5,
                  0,
                  1,
                  5,
                  1,
                  2,
                  5,
                  2,
                  3,
                  3,
                  4,
                  5
                ],
                "color": [
                  0.47843137383461,
                  0.4274509847164154,
                  0.4000000059604645,
                  1
                ],
                "vertices": [
                  68.92134857177734,
                  -120.83473205566406,
                  65.13472747802734,
                  -117.52052307128906,
                  121.0075454711914,
                  -104.97230529785156,
                  130.13900756835938,
                  -102.94349670410156,
                  125.4844741821289,
                  -107.59803771972656,
                  113.1944351196289,
                  -111.36451721191406
                ],
                "type": "polygon"
              },
              {
                "triangles": [
                  6,
                  0,
                  1,
                  6,
                  1,
                  2,
                  6,
                  2,
                  3,
                  6,
                  3,
                  4,
                  4,
                  5,
                  6
                ],
                "color": [
                  0.40392157435417175,
                  0.3843137323856354,
                  0.3686274588108063,
                  1
                ],
                "vertices": [
                  65.13472747802734,
                  -117.52052307128906,
                  63.950035095214844,
                  -113.02162170410156,
                  115.5619888305664,
                  -103.07716369628906,
                  135.47103881835938,
                  -98.04727172851562,
                  130.95199584960938,
                  -102.13052368164062,
                  130.13900756835938,
                  -102.94349670410156,
                  121.0075454711914,
                  -104.97230529785156
                ],
                "type": "polygon"
              },
              {
                "triangles": [
                  5,
                  0,
                  1,
                  5,
                  1,
                  2,
                  5,
                  2,
                  3,
                  3,
                  4,
                  5
                ],
                "color": [
                  0.2078431397676468,
                  0.13333334028720856,
                  0.027450980618596077,
                  1
                ],
                "vertices": [
                  63.950035095214844,
                  -113.02162170410156,
                  62.767173767089844,
                  -109.70741271972656,
                  131.89865112304688,
                  -95.50210571289062,
                  140.80123901367188,
                  -93.23159790039062,
                  135.47103881835938,
                  -98.04727172851562,
                  115.5619888305664,
                  -103.07716369628906
                ],
                "type": "polygon"
              },
              {
                "triangles": [
                  6,
                  0,
                  1,
                  6,
                  1,
                  2,
                  6,
                  2,
                  3,
                  6,
                  3,
                  4,
                  4,
                  5,
                  6
                ],
                "color": [
                  0.250980406999588,
                  0.20392157137393951,
                  0.12941177189350128,
                  1
                ],
                "vertices": [
                  62.767173767089844,
                  -109.70741271972656,
                  64.42427825927734,
                  -105.44471740722656,
                  134.97665405273438,
                  -90.52896118164062,
                  146.35482788085938,
                  -87.95449829101562,
                  145.62973022460938,
                  -88.87185668945312,
                  140.80123901367188,
                  -93.23159790039062,
                  131.89865112304688,
                  -95.50210571289062
                ],
                "type": "polygon"
              },
              {
                "triangles": [
                  5,
                  0,
                  1,
                  5,
                  1,
                  2,
                  5,
                  2,
                  3,
                  3,
                  4,
                  5
                ],
                "color": [
                  0.4000000059604645,
                  0.3686274588108063,
                  0.2980392277240753,
                  1
                ],
                "vertices": [
                  64.42427825927734,
                  -105.44471740722656,
                  63.475791931152344,
                  -102.36671447753906,
                  114.3791275024414,
                  -91.71365356445312,
                  151.43051147460938,
                  -81.52383422851562,
                  146.35482788085938,
                  -87.95449829101562,
                  134.97665405273438,
                  -90.52896118164062
                ],
                "type": "polygon"
              },
              {
                "triangles": [
                  8,
                  0,
                  1,
                  8,
                  1,
                  2,
                  8,
                  2,
                  3,
                  3,
                  4,
                  5,
                  8,
                  3,
                  5,
                  8,
                  5,
                  6,
                  6,
                  7,
                  8
                ],
                "color": [
                  0.4117647111415863,
                  0.32549020648002625,
                  0.3019607961177826,
                  1
                ],
                "vertices": [
                  48.530723571777344,
                  -80.51858520507812,
                  58.032066345214844,
                  -83.42630004882812,
                  50.455162048339844,
                  -94.31741333007812,
                  42.878257751464844,
                  -97.39541625976562,
                  20.834190368652344,
                  -100.77005004882812,
                  21.097862243652344,
                  -100.47341918945312,
                  22.280723571777344,
                  -90.05654907226562,
                  19.453575134277344,
                  -85.29031372070312,
                  30.568077087402344,
                  -85.08523559570312
                ],
                "type": "polygon"
              },
              {
                "triangles": [
                  15,
                  0,
                  1,
                  15,
                  1,
                  2,
                  15,
                  2,
                  3,
                  15,
                  3,
                  4,
                  6,
                  7,
                  8,
                  6,
                  8,
                  9,
                  5,
                  6,
                  9,
                  5,
                  9,
                  10,
                  5,
                  10,
                  11,
                  4,
                  5,
                  11,
                  4,
                  11,
                  12,
                  4,
                  12,
                  13,
                  15,
                  4,
                  13,
                  13,
                  14,
                  15
                ],
                "color": [
                  0.2666666805744171,
                  0.1921568661928177,
                  0.15294118225574493,
                  1
                ],
                "vertices": [
                  170.77008056640625,
                  -57.538848876953125,
                  169.30523681640625,
                  -56.910797119140625,
                  141.60507202148438,
                  -69.93142700195312,
                  110.3544692993164,
                  -80.11209106445312,
                  80.0431900024414,
                  -87.35208129882812,
                  81.4695816040039,
                  -83.42630004882812,
                  67.02803802490234,
                  -82.71768188476562,
                  56.689903259277344,
                  -85.35623168945312,
                  58.032066345214844,
                  -83.42630004882812,
                  48.530723571777344,
                  -80.51858520507812,
                  58.504478454589844,
                  -77.98257446289062,
                  85.9684829711914,
                  -74.66653442382812,
                  118.6399917602539,
                  -68.03811645507812,
                  140.89462280273438,
                  -65.19631958007812,
                  162.20257568359375,
                  -54.069000244140625,
                  178.77545166015625,
                  -51.465240478515625
                ],
                "type": "polygon"
              },
              {
                "triangles": [
                  9,
                  0,
                  1,
                  9,
                  1,
                  2,
                  9,
                  2,
                  3,
                  3,
                  4,
                  5,
                  9,
                  3,
                  5,
                  9,
                  5,
                  6,
                  9,
                  6,
                  7,
                  7,
                  8,
                  9
                ],
                "color": [
                  0.47058823704719543,
                  0.4274509847164154,
                  0.37254902720451355,
                  1
                ],
                "vertices": [
                  78.7541275024414,
                  -90.89700317382812,
                  80.0431900024414,
                  -87.35208129882812,
                  110.3544692993164,
                  -80.11209106445312,
                  141.60507202148438,
                  -69.93142700195312,
                  169.30523681640625,
                  -56.910797119140625,
                  170.77008056640625,
                  -57.538848876953125,
                  165.04437255859375,
                  -61.882110595703125,
                  163.70770263671875,
                  -64.19107055664062,
                  153.20663452148438,
                  -68.74856567382812,
                  113.4324722290039,
                  -82.71768188476562
                ],
                "type": "polygon"
              },
              {
                "triangles": [
                  8,
                  0,
                  1,
                  8,
                  1,
                  2,
                  8,
                  2,
                  3,
                  8,
                  3,
                  4,
                  4,
                  5,
                  6,
                  8,
                  4,
                  6,
                  6,
                  7,
                  8
                ],
                "color": [
                  0.10980392247438431,
                  0.04313725605607033,
                  0.019607843831181526,
                  1
                ],
                "vertices": [
                  74.2094497680664,
                  -95.35928344726562,
                  78.6296157836914,
                  -91.23941040039062,
                  78.7541275024414,
                  -90.89700317382812,
                  113.4324722290039,
                  -82.71768188476562,
                  153.20663452148438,
                  -68.74856567382812,
                  163.70770263671875,
                  -64.19107055664062,
                  161.30535888671875,
                  -68.34024047851562,
                  137.34420776367188,
                  -77.74453735351562,
                  105.3813247680664,
                  -88.87185668945312
                ],
                "type": "polygon"
              },
              {
                "triangles": [
                  8,
                  0,
                  1,
                  8,
                  1,
                  2,
                  8,
                  2,
                  3,
                  3,
                  4,
                  5,
                  8,
                  3,
                  5,
                  8,
                  5,
                  6,
                  6,
                  7,
                  8
                ],
                "color": [
                  0.2823529541492462,
                  0.2078431397676468,
                  0.2078431397676468,
                  1
                ],
                "vertices": [
                  71.51961517333984,
                  -97.86599731445312,
                  74.2094497680664,
                  -95.35928344726562,
                  105.3813247680664,
                  -88.87185668945312,
                  137.34420776367188,
                  -77.74453735351562,
                  161.30535888671875,
                  -68.34024047851562,
                  159.83505249023438,
                  -70.87991333007812,
                  157.71469116210938,
                  -73.56607055664062,
                  124.5597915649414,
                  -85.55764770507812,
                  92.5401382446289,
                  -93.74612426757812
                ],
                "type": "polygon"
              },
              {
                "triangles": [
                  6,
                  0,
                  1,
                  6,
                  1,
                  2,
                  6,
                  2,
                  3,
                  6,
                  3,
                  4,
                  4,
                  5,
                  6
                ],
                "color": [
                  0.47058823704719543,
                  0.3960784375667572,
                  0.32549020648002625,
                  1
                ],
                "vertices": [
                  68.24019622802734,
                  -100.92019653320312,
                  71.51961517333984,
                  -97.86599731445312,
                  92.5401382446289,
                  -93.74612426757812,
                  124.5597915649414,
                  -85.55764770507812,
                  157.71469116210938,
                  -73.56607055664062,
                  151.43051147460938,
                  -81.52383422851562,
                  114.3791275024414,
                  -91.71365356445312
                ],
                "type": "polygon"
              },
              {
                "triangles": [
                  12,
                  0,
                  1,
                  12,
                  1,
                  2,
                  12,
                  2,
                  3,
                  12,
                  3,
                  4,
                  12,
                  4,
                  5,
                  12,
                  5,
                  6,
                  12,
                  6,
                  7,
                  12,
                  7,
                  8,
                  12,
                  8,
                  9,
                  12,
                  9,
                  10,
                  10,
                  11,
                  12
                ],
                "color": [
                  0.3333333432674408,
                  0.26274511218070984,
                  0.1882352977991104,
                  1
                ],
                "vertices": [
                  63.307334899902344,
                  -102.58277893066406,
                  44.062950134277344,
                  -108.99696350097656,
                  11.433555603027344,
                  -112.93006896972656,
                  11.627647399902344,
                  -111.12648010253906,
                  20.834190368652344,
                  -100.77005004882812,
                  42.878257751464844,
                  -97.39541625976562,
                  50.455162048339844,
                  -94.31741333007812,
                  56.689903259277344,
                  -85.35623168945312,
                  67.02803802490234,
                  -82.71768188476562,
                  81.4695816040039,
                  -83.42630004882812,
                  78.6296157836914,
                  -91.23941040039062,
                  68.24019622802734,
                  -100.92019653320312,
                  63.061973571777344,
                  -101.95291137695312
                ],
                "type": "polygon"
              },
              {
                "triangles": [
                  20,
                  0,
                  1,
                  20,
                  1,
                  2,
                  20,
                  2,
                  3,
                  20,
                  3,
                  4,
                  20,
                  4,
                  5,
                  20,
                  5,
                  6,
                  20,
                  6,
                  7,
                  20,
                  7,
                  8,
                  20,
                  8,
                  9,
                  20,
                  9,
                  10,
                  10,
                  11,
                  12,
                  20,
                  10,
                  12,
                  20,
                  12,
                  13,
                  20,
                  13,
                  14,
                  20,
                  14,
                  15,
                  20,
                  15,
                  16,
                  20,
                  16,
                  17,
                  17,
                  18,
                  19,
                  17,
                  19,
                  20
                ],
                "color": [
                  0.2666666805744171,
                  0.20392157137393951,
                  0.14509804546833038,
                  1
                ],
                "vertices": [
                  7.839195251464844,
                  -162.26600646972656,
                  -21.992347717285156,
                  -154.69093322753906,
                  -30.202796936035156,
                  -147.84828186035156,
                  -29.567420959472656,
                  -140.24757385253906,
                  -21.992347717285156,
                  -135.51246643066406,
                  -12.284095764160156,
                  -129.35829162597656,
                  4.524986267089844,
                  -121.78138732910156,
                  10.917198181152344,
                  -117.75672912597656,
                  11.433555603027344,
                  -112.93006896972656,
                  44.062950134277344,
                  -108.99696350097656,
                  63.307334899902344,
                  -102.58277893066406,
                  64.42427825927734,
                  -105.44471740722656,
                  62.767173767089844,
                  -109.70741271972656,
                  63.950035095214844,
                  -113.02162170410156,
                  65.13472747802734,
                  -117.52052307128906,
                  68.92134857177734,
                  -120.83473205566406,
                  69.15938568115234,
                  -125.56983947753906,
                  74.6049575805664,
                  -128.64784240722656,
                  71.75948333740234,
                  -143.96827697753906,
                  70.34224700927734,
                  -144.74647521972656,
                  48.087608337402344,
                  -158.95179748535156
                ],
                "type": "polygon"
              }
            ],
            "origin": [
              -20.42292022705078,
              -135.50706481933594
            ],
            "id": "aile"
          }
        ],
        "origin": [
          -351.08050537109375,
          -539.4047241210938
        ],
        "id": "g1201"
      }
    ],
    "origin": [
      862.0762939453125,
      259.6357421875
    ],
    "id": "layer1"
  },
  "animation": [{
    "name": "anim0",
    "groups": [
      {
        "functions": [
          {
            "duration": 1.3000000715255737,
            "phase": 3.6999990940093994,
            "mult": 1,
            "offset": 0,
            "function": "gwel.spacegame.anim.TFSin",
            "axe": "rotation"
          },
          {
            "duration": 1.3000000715255737,
            "phase": 2.8999998569488525,
            "mult": 1.5000015497207642,
            "offset": 0,
            "function": "gwel.spacegame.anim.TFSin",
            "axe": "y"
          },
          {
            "duration": 1.3000000715255737,
            "phase": 2.8999998569488525,
            "mult": 1.5000015497207642,
            "offset": 0,
            "function": "gwel.spacegame.anim.TFSin",
            "axe": "x"
          }
        ],
        "id": "tete"
      },
      {
        "functions": [
          {
            "duration": 1.2999999523162842,
            "phase": -180,
            "mult": 1,
            "offset": 0,
            "function": "gwel.spacegame.anim.TFSin",
            "axe": "y"
          },
          {
            "duration": 1.3000000715255737,
            "phase": -180,
            "mult": 0.19999995827674866,
            "offset": 0,
            "function": "gwel.spacegame.anim.TFSin",
            "axe": "rotation"
          }
        ],
        "id": "layer1"
      },
      {
        "functions": [{
          "duration": 1.2999999523162842,
          "phase": 2.799999713897705,
          "mult": 1.6000001430511475,
          "offset": 0,
          "function": "gwel.spacegame.anim.TFSin",
          "axe": "y"
        }],
        "id": "g1201"
      },
      {
        "functions": [{
          "duration": 1.3000000715255737,
          "phase": 0.8999994993209839,
          "mult": 1,
          "offset": 0,
          "function": "gwel.spacegame.anim.TFSin",
          "axe": "rotation"
        }],
        "id": "aile"
      },
      {
        "functions": [{
          "duration": 0.5,
          "prob": 0.40000006556510925,
          "mult": 29.79998779296875,
          "offset": -53.19999694824219,
          "function": "gwel.spacegame.anim.TFRandomEase",
          "easing": "elasticOut",
          "easeduration": 0.40000006556510925,
          "axe": "rotation"
        }],
        "id": "queue"
      }
    ]
  }]
}